invalidEmail,userName,email,password,firstName,lastName,phoneNumber,country,state,address,postCode
ytehbe,ltimny0,ltimny0@wisc.edu,bcp1ZVlQQD1,Lebbie,Timny,345 895 2194,Madagascar,,Suite 14,
ejbee,lrisen1,lrisen1@independent.co.uk,dnZ07GKA,Lil,Risen,803 797 0131,Philippines,,Apt 55,4321
ejhbeee@,erooson2,erooson2@springer.com,YOQ7BYTMn,Eugenie,Rooson,288 226 7920,Latvia,,PO Box 33042,
.com,pcork3,pcork3@blinklist.com,aMcr1dpDwle,Paulie,Cork,939 848 3341,Indonesia,,Suite 33,
mail,cabsolom4,cabsolom4@over-blog.com,KAcuh1jX,Carlee,Absolom,910 889 3683,Libya,,Room 1761,
myemail,cmcdarmid5,cmcdarmid5@ask.com,HWRkCNPe45jI,Conroy,McDarmid,515 344 6745,China,,PO Box 65627,
two emails,dwhitten6,dwhitten6@ucla.edu,0Git7hoYr,Daven,Whitten,559 670 5800,United States,California,Suite 58,93726
my@,msarten7,msarten7@yahoo.co.jp,sfhtWiu5,Marys,Sarten,987 381 6965,Canada,Ontario,PO Box 85835,T0C
mail,fjeffryes8,fjeffryes8@ezinearticles.com,lOTghBH5tN,Fayth,Jeffryes,960 659 4678,Czech Republic,,Apt 331,671 76
